Name,Math,Science,English,Total,Average,Result
Amit,78,85,80,243,81.0,Pass
Riya,88,90,92,270,90.0,Pass
Shashank,70,75,72,217,72.33333333333333,Pass
Neha,92,89,94,275,91.66666666666667,Pass
Rahul,65,60,70,195,65.0,Pass
